{
	"partitions" : [
		{
			"name" : "Top",
			"pins" : [
				{
					"name" : "BB_SYSTEM_max7219DIN_Out",
					"strict" : false
				},
				{
					"name" : "BB_SYSTEM_max7219NCS_Out",
					"strict" : false
				},
				{
					"name" : "BB_SYSTEM_max7219CLK_Out",
					"strict" : false
				},
				{
					"name" : "BB_SYSTEM_startButton_Out",
					"strict" : false
				},
				{
					"name" : "BB_SYSTEM_left1Button_Out",
					"strict" : false
				},
				{
					"name" : "BB_SYSTEM_right1Button_Out",
					"strict" : false
				},
				{
					"name" : "BB_SYSTEM_left2Button_Out",
					"strict" : false
				},
				{
					"name" : "BB_SYSTEM_right2Button_Out",
					"strict" : false
				},
				{
					"name" : "BB_SYSTEM_CLOCK_50",
					"strict" : false
				},
				{
					"name" : "BB_SYSTEM_RESET_InHigh",
					"strict" : false
				},
				{
					"name" : "BB_SYSTEM_startButton_InLow",
					"strict" : false
				},
				{
					"name" : "BB_SYSTEM_left1Button_InLow",
					"strict" : false
				},
				{
					"name" : "BB_SYSTEM_right1Button_InLow",
					"strict" : false
				},
				{
					"name" : "BB_SYSTEM_left2Button_InLow",
					"strict" : false
				},
				{
					"name" : "BB_SYSTEM_right2Button_InLow",
					"strict" : false
				}
			]
		}
	]
}